config_label,mode,model,eagle_model,prompt,context_length_mean,context_length_std,context_length_cv_pct,depth_mean,depth_std,depth_cv_pct,total_token_mean,total_token_std,total_token_cv_pct,top_k_mean,top_k_std,top_k_cv_pct,num_tokens_mean,num_tokens_std,num_tokens_cv_pct,num_steps_mean,num_steps_std,num_steps_cv_pct,wall_ms_mean,wall_ms_std,wall_ms_cv_pct,tok_per_sec_mean,tok_per_sec_std,tok_per_sec_cv_pct,mean_accepted_per_step_mean,mean_accepted_per_step_std,mean_accepted_per_step_cv_pct,acceptance_rate_mean,acceptance_rate_std,acceptance_rate_cv_pct,mean_verify_ms_mean,mean_verify_ms_std,mean_verify_ms_cv_pct,verify_fraction_mean,verify_fraction_std,verify_fraction_cv_pct,n_runs
b=6 d=6 tt=31,vanilla,meta-llama/Llama-3.1-8B-Instruct,yuhuili/EAGLE3-LLaMA3.1-Instruct-8B,"Thanks. Based on this, can you go back to the initial hires again? Which roles d",0,0,0.00,6,0,0.00,31,0,0.00,6,0,0.00,156,0,0.00,25,0,0.00,1902.37,0.763763,0.04,82,0,0.00,6.24,1.08779e-15,0.00,0.2013,0,0.00,53.7457,0.010116,0.02,0.7063,0.000173205,0.02,3
b=6 d=6 tt=31,vanilla,meta-llama/Llama-3.1-8B-Instruct,yuhuili/EAGLE3-LLaMA3.1-Instruct-8B,is decentralized finance just a group of people coming together and pooling thei,0,0,0.00,6,0,0.00,31,0,0.00,6,0,0.00,259,0,0.00,50,0,0.00,3744.03,1.77858,0.05,69.2,0,0.00,5.18,0,0.00,0.1671,0,0.00,53.9863,0.00986577,0.02,0.720967,0.000208167,0.03,3
b=6 d=6 tt=31,vanilla,meta-llama/Llama-3.1-8B-Instruct,yuhuili/EAGLE3-LLaMA3.1-Instruct-8B,How do I visualize the audio waveform and spectrogram of an audio file using Pyt,0,0,0.00,6,0,0.00,31,0,0.00,6,0,0.00,261,0,0.00,64,0,0.00,4778.73,1.17189,0.02,54.6,0,0.00,4.078,0,0.00,0.1316,0,0.00,54.087,0.00781025,0.01,0.724367,0.000251661,0.03,3
b=6 d=6 tt=31,vanilla,meta-llama/Llama-3.1-8B-Instruct,yuhuili/EAGLE3-LLaMA3.1-Instruct-8B,I want you act as best book seller and I will ask you questions. You have to giv,0,0,0.00,6,0,0.00,31,0,0.00,6,0,0.00,80,0,0.00,20,0,0.00,1535.03,0.862168,0.06,52.1,0,0.00,4,0,0.00,0.129,0,0.00,53.5227,0.0180093,0.03,0.697367,0.000208167,0.03,3
b=6 d=6 tt=31,vanilla,meta-llama/Llama-3.1-8B-Instruct,yuhuili/EAGLE3-LLaMA3.1-Instruct-8B,Authenticating Guest Users for Firebase using laravel,0,0,0.00,6,0,0.00,31,0,0.00,6,0,0.00,258,0,0.00,60,0,0.00,4477.37,1.33167,0.03,57.6,0,0.00,4.3,0,0.00,0.1387,0,0.00,54.013,0.0072111,0.01,0.723833,0.000208167,0.03,3
b=6 d=6 tt=31,vanilla,meta-llama/Llama-3.1-8B-Instruct,yuhuili/EAGLE3-LLaMA3.1-Instruct-8B,What means if my ALB in AWS returns 408 http error?,0,0,0.00,6,0,0.00,31,0,0.00,6,0,0.00,258,0,0.00,48,0,0.00,3594.2,2.0664,0.06,71.7667,0.057735,0.08,5.375,0,0.00,0.1734,0,0.00,53.9347,0.0253246,0.05,0.7203,0.0001,0.01,3
b=6 d=6 tt=31,vanilla,meta-llama/Llama-3.1-8B-Instruct,yuhuili/EAGLE3-LLaMA3.1-Instruct-8B,Please list the man hours to supply the BSA and 3 companies,0,0,0.00,6,0,0.00,31,0,0.00,6,0,0.00,264,0,0.00,50,0,0.00,3737.57,2.0502,0.05,70.6333,0.057735,0.08,5.28,0,0.00,0.1703,0,0.00,53.8887,0.0153731,0.03,0.7209,0.000173205,0.02,3
b=6 d=6 tt=31,vanilla,meta-llama/Llama-3.1-8B-Instruct,yuhuili/EAGLE3-LLaMA3.1-Instruct-8B,"How to handle ""enum.IntFlag"" and make it compatible with both python 2 and 3?",0,0,0.00,6,0,0.00,31,0,0.00,6,0,0.00,262,0,0.00,74,0,0.00,5503.03,3.72201,0.07,47.6,0,0.00,3.541,0,0.00,0.1142,1.69967e-17,0.00,53.9943,0.0230072,0.04,0.726067,0.000208167,0.03,3
b=6 d=6 tt=31,vanilla,meta-llama/Llama-3.1-8B-Instruct,yuhuili/EAGLE3-LLaMA3.1-Instruct-8B,"As Ao Lie moves to pick up his cup of tea, Macaque notices a bandaged wound on h",0,0,0.00,6,0,0.00,31,0,0.00,6,0,0.00,263,0,0.00,69,0,0.00,5155,2.30651,0.04,51,0,0.00,3.812,0,0.00,0.123,0,0.00,54.1593,0.0106927,0.02,0.7249,0.0002,0.03,3
b=6 d=6 tt=31,vanilla,meta-llama/Llama-3.1-8B-Instruct,yuhuili/EAGLE3-LLaMA3.1-Instruct-8B,can you write a script for youtube video related to hypnosis,0,0,0.00,6,0,0.00,31,0,0.00,6,0,0.00,260,0,0.00,49,0,0.00,3670.8,2,0.05,70.8333,0.057735,0.08,5.306,0,0.00,0.1712,0,0.00,54.0097,0.0147422,0.03,0.720933,0.000208167,0.03,3
b=6 d=6 tt=31,ragged,meta-llama/Llama-3.1-8B-Instruct,yuhuili/EAGLE3-LLaMA3.1-Instruct-8B,"Thanks. Based on this, can you go back to the initial hires again? Which roles d",0,0,0.00,6,0,0.00,31,0,0.00,6,0,0.00,156,0,0.00,25,0,0.00,1927.9,1.21655,0.06,80.9,0,0.00,6.24,1.08779e-15,0.00,0.2013,0,0.00,54.7237,0.0305341,0.06,0.7096,0.000173205,0.02,3
b=6 d=6 tt=31,ragged,meta-llama/Llama-3.1-8B-Instruct,yuhuili/EAGLE3-LLaMA3.1-Instruct-8B,is decentralized finance just a group of people coming together and pooling thei,0,0,0.00,6,0,0.00,31,0,0.00,6,0,0.00,258,0,0.00,49,0,0.00,3716.83,1.10151,0.03,69.4,0,0.00,5.265,0,0.00,0.1698,3.39935e-17,0.00,54.8973,0.00416333,0.01,0.7237,0.000173205,0.02,3
b=6 d=6 tt=31,ragged,meta-llama/Llama-3.1-8B-Instruct,yuhuili/EAGLE3-LLaMA3.1-Instruct-8B,How do I visualize the audio waveform and spectrogram of an audio file using Pyt,0,0,0.00,6,0,0.00,31,0,0.00,6,0,0.00,261,0,0.00,64,0,0.00,4839.77,2.5697,0.05,53.9333,0.057735,0.11,4.078,0,0.00,0.1316,0,0.00,55.0037,0.0128582,0.02,0.727333,0.00023094,0.03,3
b=6 d=6 tt=31,ragged,meta-llama/Llama-3.1-8B-Instruct,yuhuili/EAGLE3-LLaMA3.1-Instruct-8B,I want you act as best book seller and I will ask you questions. You have to giv,0,0,0.00,6,0,0.00,31,0,0.00,6,0,0.00,80,0,0.00,20,0,0.00,1544.73,1.16762,0.08,51.7667,0.057735,0.11,4,0,0.00,0.129,0,0.00,54.2233,0.0187705,0.03,0.702033,0.000351188,0.05,3
b=6 d=6 tt=31,ragged,meta-llama/Llama-3.1-8B-Instruct,yuhuili/EAGLE3-LLaMA3.1-Instruct-8B,Authenticating Guest Users for Firebase using laravel,0,0,0.00,6,0,0.00,31,0,0.00,6,0,0.00,258,0,0.00,60,0,0.00,4536.33,1.74738,0.04,56.9,0,0.00,4.3,0,0.00,0.1387,0,0.00,54.9527,0.0140119,0.03,0.7268,0.0001,0.01,3
b=6 d=6 tt=31,ragged,meta-llama/Llama-3.1-8B-Instruct,yuhuili/EAGLE3-LLaMA3.1-Instruct-8B,What means if my ALB in AWS returns 408 http error?,0,0,0.00,6,0,0.00,31,0,0.00,6,0,0.00,257,0,0.00,60,0,0.00,4528,0.4,0.01,56.8,8.70234e-15,0.00,4.283,0,0.00,0.1382,0,0.00,54.7957,0.0057735,0.01,0.726067,0.000152753,0.02,3
b=6 d=6 tt=31,ragged,meta-llama/Llama-3.1-8B-Instruct,yuhuili/EAGLE3-LLaMA3.1-Instruct-8B,Please list the man hours to supply the BSA and 3 companies,0,0,0.00,6,0,0.00,31,0,0.00,6,0,0.00,264,0,0.00,50,0,0.00,3787,1.47309,0.04,69.7,0,0.00,5.28,0,0.00,0.1703,0,0.00,54.817,0.00818535,0.01,0.723733,0.000208167,0.03,3
b=6 d=6 tt=31,ragged,meta-llama/Llama-3.1-8B-Instruct,yuhuili/EAGLE3-LLaMA3.1-Instruct-8B,"How to handle ""enum.IntFlag"" and make it compatible with both python 2 and 3?",0,0,0.00,6,0,0.00,31,0,0.00,6,0,0.00,258,0,0.00,65,0,0.00,4904.37,2.40069,0.05,52.6,0,0.00,3.969,0,0.00,0.128,0,0.00,54.874,0.0253574,0.05,0.727267,5.7735e-05,0.01,3
b=6 d=6 tt=31,ragged,meta-llama/Llama-3.1-8B-Instruct,yuhuili/EAGLE3-LLaMA3.1-Instruct-8B,"As Ao Lie moves to pick up his cup of tea, Macaque notices a bandaged wound on h",0,0,0.00,6,0,0.00,31,0,0.00,6,0,0.00,263,0,0.00,69,0,0.00,5227.97,1.53731,0.03,50.3,8.70234e-15,0.00,3.812,0,0.00,0.123,0,0.00,55.145,0.00608276,0.01,0.7278,0.000173205,0.02,3
b=6 d=6 tt=31,ragged,meta-llama/Llama-3.1-8B-Instruct,yuhuili/EAGLE3-LLaMA3.1-Instruct-8B,can you write a script for youtube video related to hypnosis,0,0,0.00,6,0,0.00,31,0,0.00,6,0,0.00,260,0,0.00,50,0,0.00,3795.7,0.984886,0.03,68.5,0,0.00,5.2,0,0.00,0.1677,0,0.00,54.9687,0.0061101,0.01,0.7241,0.0001,0.01,3
b=6 d=16 tt=82,vanilla,meta-llama/Llama-3.1-8B-Instruct,yuhuili/EAGLE3-LLaMA3.1-Instruct-8B,"Thanks. Based on this, can you go back to the initial hires again? Which roles d",0,0,0.00,16,0,0.00,82,0,0.00,6,0,0.00,156,0,0.00,22,0,0.00,2403.43,0.503322,0.02,64.9,0,0.00,7.091,0,0.00,0.0865,1.69967e-17,0.00,58.95,0.0166433,0.03,0.5396,0,0.00,3
b=6 d=16 tt=82,vanilla,meta-llama/Llama-3.1-8B-Instruct,yuhuili/EAGLE3-LLaMA3.1-Instruct-8B,is decentralized finance just a group of people coming together and pooling thei,0,0,0.00,16,0,0.00,82,0,0.00,6,0,0.00,259,0,0.00,44,0,0.00,4721.7,1.0583,0.02,54.8667,0.057735,0.11,5.886,0,0.00,0.0718,0,0.00,59.176,0.018,0.03,0.551467,5.7735e-05,0.01,3
b=6 d=16 tt=82,vanilla,meta-llama/Llama-3.1-8B-Instruct,yuhuili/EAGLE3-LLaMA3.1-Instruct-8B,How do I visualize the audio waveform and spectrogram of an audio file using Pyt,0,0,0.00,16,0,0.00,82,0,0.00,6,0,0.00,266,0,0.00,60,0,0.00,6420.6,0.72111,0.01,41.4,0,0.00,4.433,0,0.00,0.0541,0,0.00,59.41,0.0087178,0.01,0.555167,5.7735e-05,0.01,3
b=6 d=16 tt=82,vanilla,meta-llama/Llama-3.1-8B-Instruct,yuhuili/EAGLE3-LLaMA3.1-Instruct-8B,I want you act as best book seller and I will ask you questions. You have to giv,0,0,0.00,16,0,0.00,82,0,0.00,6,0,0.00,80,0,0.00,18,0,0.00,1972.87,0.251661,0.01,40.5667,0.057735,0.14,4.444,0,0.00,0.0542,0,0.00,58.4667,0.0110151,0.02,0.533433,5.7735e-05,0.01,3
b=6 d=16 tt=82,vanilla,meta-llama/Llama-3.1-8B-Instruct,yuhuili/EAGLE3-LLaMA3.1-Instruct-8B,Authenticating Guest Users for Firebase using laravel,0,0,0.00,16,0,0.00,82,0,0.00,6,0,0.00,258,0,0.00,57,0,0.00,6093.77,0.981495,0.02,42.3,0,0.00,4.526,0,0.00,0.0552,0,0.00,59.2967,0.0122202,0.02,0.554667,5.7735e-05,0.01,3
b=6 d=16 tt=82,vanilla,meta-llama/Llama-3.1-8B-Instruct,yuhuili/EAGLE3-LLaMA3.1-Instruct-8B,What means if my ALB in AWS returns 408 http error?,0,0,0.00,16,0,0.00,82,0,0.00,6,0,0.00,258,0,0.00,42,0,0.00,4509.33,0.757188,0.02,57.2,8.70234e-15,0.00,6.143,0,0.00,0.0749,0,0.00,59.1257,0.0123423,0.02,0.5507,0.0001,0.02,3
b=6 d=16 tt=82,vanilla,meta-llama/Llama-3.1-8B-Instruct,yuhuili/EAGLE3-LLaMA3.1-Instruct-8B,Please list the man hours to supply the BSA and 3 companies,0,0,0.00,16,0,0.00,82,0,0.00,6,0,0.00,265,0,0.00,46,0,0.00,4932.63,3.27465,0.07,53.7333,0.057735,0.11,5.761,0,0.00,0.0703,0,0.00,59.1707,0.0305505,0.05,0.5518,0.0001,0.02,3
b=6 d=16 tt=82,vanilla,meta-llama/Llama-3.1-8B-Instruct,yuhuili/EAGLE3-LLaMA3.1-Instruct-8B,"How to handle ""enum.IntFlag"" and make it compatible with both python 2 and 3?",0,0,0.00,16,0,0.00,82,0,0.00,6,0,0.00,263,0,0.00,69,0,0.00,7351.9,0.793725,0.01,35.8,0,0.00,3.812,0,0.00,0.0465,8.49837e-18,0.00,59.232,0.00754983,0.01,0.5559,0,0.00,3
b=6 d=16 tt=82,vanilla,meta-llama/Llama-3.1-8B-Instruct,yuhuili/EAGLE3-LLaMA3.1-Instruct-8B,"As Ao Lie moves to pick up his cup of tea, Macaque notices a bandaged wound on h",0,0,0.00,16,0,0.00,82,0,0.00,6,0,0.00,258,0,0.00,62,0,0.00,6646.07,1.47422,0.02,38.8,0,0.00,4.161,0,0.00,0.0507,0,0.00,59.5257,0.0136504,0.02,0.555333,5.7735e-05,0.01,3
b=6 d=16 tt=82,vanilla,meta-llama/Llama-3.1-8B-Instruct,yuhuili/EAGLE3-LLaMA3.1-Instruct-8B,can you write a script for youtube video related to hypnosis,0,0,0.00,16,0,0.00,82,0,0.00,6,0,0.00,264,0,0.00,45,0,0.00,4834.43,0.450925,0.01,54.6,0,0.00,5.867,0,0.00,0.0715,0,0.00,59.2967,0.00971253,0.02,0.551933,5.7735e-05,0.01,3
b=6 d=16 tt=82,ragged,meta-llama/Llama-3.1-8B-Instruct,yuhuili/EAGLE3-LLaMA3.1-Instruct-8B,"Thanks. Based on this, can you go back to the initial hires again? Which roles d",0,0,0.00,16,0,0.00,82,0,0.00,6,0,0.00,156,0,0.00,22,0,0.00,2401.83,0.832666,0.03,64.9333,0.057735,0.09,7.091,0,0.00,0.0865,1.69967e-17,0.00,58.81,0.0230651,0.04,0.538667,5.7735e-05,0.01,3
b=6 d=16 tt=82,ragged,meta-llama/Llama-3.1-8B-Instruct,yuhuili/EAGLE3-LLaMA3.1-Instruct-8B,is decentralized finance just a group of people coming together and pooling thei,0,0,0.00,16,0,0.00,82,0,0.00,6,0,0.00,260,0,0.00,45,0,0.00,4830.57,1.60416,0.03,53.8,8.70234e-15,0.00,5.778,0,0.00,0.0705,0,0.00,59.1823,0.0150444,0.03,0.551333,5.7735e-05,0.01,3
b=6 d=16 tt=82,ragged,meta-llama/Llama-3.1-8B-Instruct,yuhuili/EAGLE3-LLaMA3.1-Instruct-8B,How do I visualize the audio waveform and spectrogram of an audio file using Pyt,0,0,0.00,16,0,0.00,82,0,0.00,6,0,0.00,266,0,0.00,59,0,0.00,6319.97,1.53731,0.02,42.1,0,0.00,4.508,0,0.00,0.055,0,0.00,59.4333,0.0141892,0.02,0.554867,5.7735e-05,0.01,3
b=6 d=16 tt=82,ragged,meta-llama/Llama-3.1-8B-Instruct,yuhuili/EAGLE3-LLaMA3.1-Instruct-8B,I want you act as best book seller and I will ask you questions. You have to giv,0,0,0.00,16,0,0.00,82,0,0.00,6,0,0.00,80,0,0.00,18,0,0.00,1974.3,0.818535,0.04,40.5,0,0.00,4.444,0,0.00,0.0542,0,0.00,58.486,0.0262298,0.04,0.533233,5.7735e-05,0.01,3
b=6 d=16 tt=82,ragged,meta-llama/Llama-3.1-8B-Instruct,yuhuili/EAGLE3-LLaMA3.1-Instruct-8B,Authenticating Guest Users for Firebase using laravel,0,0,0.00,16,0,0.00,82,0,0.00,6,0,0.00,258,0,0.00,57,0,0.00,6094.97,0.305505,0.01,42.3,0,0.00,4.526,0,0.00,0.0552,0,0.00,59.263,0.00264575,0.00,0.554233,5.7735e-05,0.01,3
b=6 d=16 tt=82,ragged,meta-llama/Llama-3.1-8B-Instruct,yuhuili/EAGLE3-LLaMA3.1-Instruct-8B,What means if my ALB in AWS returns 408 http error?,0,0,0.00,16,0,0.00,82,0,0.00,6,0,0.00,258,0,0.00,42,0,0.00,4511.6,1.67033,0.04,57.2,8.70234e-15,0.00,6.143,0,0.00,0.0749,0,0.00,59.1257,0.0205994,0.03,0.5504,0,0.00,3
b=6 d=16 tt=82,ragged,meta-llama/Llama-3.1-8B-Instruct,yuhuili/EAGLE3-LLaMA3.1-Instruct-8B,Please list the man hours to supply the BSA and 3 companies,0,0,0.00,16,0,0.00,82,0,0.00,6,0,0.00,265,0,0.00,46,0,0.00,4933.1,0.4,0.01,53.7,8.70234e-15,0.00,5.761,0,0.00,0.0703,0,0.00,59.1607,0.00550757,0.01,0.551667,5.7735e-05,0.01,3
b=6 d=16 tt=82,ragged,meta-llama/Llama-3.1-8B-Instruct,yuhuili/EAGLE3-LLaMA3.1-Instruct-8B,"How to handle ""enum.IntFlag"" and make it compatible with both python 2 and 3?",0,0,0.00,16,0,0.00,82,0,0.00,6,0,0.00,263,0,0.00,68,0,0.00,7249.73,1.59478,0.02,36.3,0,0.00,3.868,0,0.00,0.0472,0,0.00,59.2353,0.0110604,0.02,0.5556,0,0.00,3
b=6 d=16 tt=82,ragged,meta-llama/Llama-3.1-8B-Instruct,yuhuili/EAGLE3-LLaMA3.1-Instruct-8B,"As Ao Lie moves to pick up his cup of tea, Macaque notices a bandaged wound on h",0,0,0.00,16,0,0.00,82,0,0.00,6,0,0.00,258,0,0.00,62,0,0.00,6646.9,4.03609,0.06,38.8,0,0.00,4.161,0,0.00,0.0507,0,0.00,59.49,0.0355528,0.06,0.5549,0,0.00,3
b=6 d=16 tt=82,ragged,meta-llama/Llama-3.1-8B-Instruct,yuhuili/EAGLE3-LLaMA3.1-Instruct-8B,can you write a script for youtube video related to hypnosis,0,0,0.00,16,0,0.00,82,0,0.00,6,0,0.00,264,0,0.00,45,0,0.00,4836.47,0.83865,0.02,54.6,0,0.00,5.867,0,0.00,0.0715,0,0.00,59.2973,0.00737111,0.01,0.551733,5.7735e-05,0.01,3
b=6 d=24 tt=123,vanilla,meta-llama/Llama-3.1-8B-Instruct,yuhuili/EAGLE3-LLaMA3.1-Instruct-8B,"Thanks. Based on this, can you go back to the initial hires again? Which roles d",0,0,0.00,24,0,0.00,123,0,0.00,6,0,0.00,156,0,0.00,21,0,0.00,2841.83,0.450925,0.02,54.9,0,0.00,7.429,1.08779e-15,0.00,0.0604,0,0.00,62.3783,0.0135031,0.02,0.460967,5.7735e-05,0.01,3
b=6 d=24 tt=123,vanilla,meta-llama/Llama-3.1-8B-Instruct,yuhuili/EAGLE3-LLaMA3.1-Instruct-8B,is decentralized finance just a group of people coming together and pooling thei,0,0,0.00,24,0,0.00,123,0,0.00,6,0,0.00,260,0,0.00,43,0,0.00,5711.77,1.25033,0.02,45.5,0,0.00,6.047,0,0.00,0.0492,0,0.00,62.6917,0.0193993,0.03,0.471967,5.7735e-05,0.01,3
b=6 d=24 tt=123,vanilla,meta-llama/Llama-3.1-8B-Instruct,yuhuili/EAGLE3-LLaMA3.1-Instruct-8B,How do I visualize the audio waveform and spectrogram of an audio file using Pyt,0,0,0.00,24,0,0.00,123,0,0.00,6,0,0.00,267,0,0.00,58,0,0.00,7677.77,2.2053,0.03,34.8,0,0.00,4.603,0,0.00,0.0374,0,0.00,62.882,0.0298161,0.05,0.475033,5.7735e-05,0.01,3
b=6 d=24 tt=123,vanilla,meta-llama/Llama-3.1-8B-Instruct,yuhuili/EAGLE3-LLaMA3.1-Instruct-8B,I want you act as best book seller and I will ask you questions. You have to giv,0,0,0.00,24,0,0.00,123,0,0.00,6,0,0.00,80,0,0.00,17,0,0.00,2310.67,0.404145,0.02,34.6,0,0.00,4.706,0,0.00,0.0383,0,0.00,61.9283,0.0162891,0.03,0.455633,5.7735e-05,0.01,3
b=6 d=24 tt=123,vanilla,meta-llama/Llama-3.1-8B-Instruct,yuhuili/EAGLE3-LLaMA3.1-Instruct-8B,Authenticating Guest Users for Firebase using laravel,0,0,0.00,24,0,0.00,123,0,0.00,6,0,0.00,258,0,0.00,56,0,0.00,7404.2,2.71846,0.04,34.8333,0.057735,0.17,4.607,0,0.00,0.0375,0,0.00,62.7667,0.0282902,0.05,0.474733,5.7735e-05,0.01,3
b=6 d=24 tt=123,vanilla,meta-llama/Llama-3.1-8B-Instruct,yuhuili/EAGLE3-LLaMA3.1-Instruct-8B,What means if my ALB in AWS returns 408 http error?,0,0,0.00,24,0,0.00,123,0,0.00,6,0,0.00,259,0,0.00,41,0,0.00,5446.97,1.51438,0.03,47.5667,0.057735,0.12,6.317,0,0.00,0.0514,0,0.00,62.6217,0.0270617,0.04,0.471367,5.7735e-05,0.01,3
b=6 d=24 tt=123,vanilla,meta-llama/Llama-3.1-8B-Instruct,yuhuili/EAGLE3-LLaMA3.1-Instruct-8B,Please list the man hours to supply the BSA and 3 companies,0,0,0.00,24,0,0.00,123,0,0.00,6,0,0.00,265,0,0.00,45,0,0.00,5970.37,1.62583,0.03,44.4,0,0.00,5.889,0,0.00,0.0479,0,0.00,62.6743,0.0257358,0.04,0.4724,0.0001,0.02,3
b=6 d=24 tt=123,vanilla,meta-llama/Llama-3.1-8B-Instruct,yuhuili/EAGLE3-LLaMA3.1-Instruct-8B,"How to handle ""enum.IntFlag"" and make it compatible with both python 2 and 3?",0,0,0.00,24,0,0.00,123,0,0.00,6,0,0.00,263,0,0.00,67,0,0.00,8833.73,3.05505,0.03,29.8,0,0.00,3.925,5.43896e-16,0.00,0.0319,0,0.00,62.758,0.0290517,0.05,0.476,0.0001,0.02,3
b=6 d=24 tt=123,vanilla,meta-llama/Llama-3.1-8B-Instruct,yuhuili/EAGLE3-LLaMA3.1-Instruct-8B,"As Ao Lie moves to pick up his cup of tea, Macaque notices a bandaged wound on h",0,0,0.00,24,0,0.00,123,0,0.00,6,0,0.00,258,0,0.00,60,0,0.00,7942.6,2.80535,0.04,32.5,0,0.00,4.3,0,0.00,0.035,0,0.00,62.8637,0.0292803,0.05,0.4749,0.0001,0.02,3
b=6 d=24 tt=123,vanilla,meta-llama/Llama-3.1-8B-Instruct,yuhuili/EAGLE3-LLaMA3.1-Instruct-8B,can you write a script for youtube video related to hypnosis,0,0,0.00,24,0,0.00,123,0,0.00,6,0,0.00,265,0,0.00,44,0,0.00,5848.53,1.85023,0.03,45.3,8.70234e-15,0.00,6.023,0,0.00,0.049,8.49837e-18,0.00,62.7923,0.0297377,0.05,0.4724,0.0001,0.02,3
b=6 d=24 tt=123,ragged,meta-llama/Llama-3.1-8B-Instruct,yuhuili/EAGLE3-LLaMA3.1-Instruct-8B,"Thanks. Based on this, can you go back to the initial hires again? Which roles d",0,0,0.00,24,0,0.00,123,0,0.00,6,0,0.00,156,0,0.00,21,0,0.00,2838.33,0.945163,0.03,54.9667,0.057735,0.11,7.429,1.08779e-15,0.00,0.0604,0,0.00,62.1737,0.0237978,0.04,0.46,0.0001,0.02,3
b=6 d=24 tt=123,ragged,meta-llama/Llama-3.1-8B-Instruct,yuhuili/EAGLE3-LLaMA3.1-Instruct-8B,is decentralized finance just a group of people coming together and pooling thei,0,0,0.00,24,0,0.00,123,0,0.00,6,0,0.00,258,0,0.00,41,0,0.00,5438.53,1.48436,0.03,47.4333,0.057735,0.12,6.293,0,0.00,0.0512,0,0.00,62.3737,0.0183394,0.03,0.4702,0,0.00,3
b=6 d=24 tt=123,ragged,meta-llama/Llama-3.1-8B-Instruct,yuhuili/EAGLE3-LLaMA3.1-Instruct-8B,How do I visualize the audio waveform and spectrogram of an audio file using Pyt,0,0,0.00,24,0,0.00,123,0,0.00,6,0,0.00,267,0,0.00,57,0,0.00,7535.93,1.7673,0.02,35.4,0,0.00,4.684,0,0.00,0.0381,0,0.00,62.635,0.0180278,0.03,0.473733,5.7735e-05,0.01,3
b=6 d=24 tt=123,ragged,meta-llama/Llama-3.1-8B-Instruct,yuhuili/EAGLE3-LLaMA3.1-Instruct-8B,I want you act as best book seller and I will ask you questions. You have to giv,0,0,0.00,24,0,0.00,123,0,0.00,6,0,0.00,80,0,0.00,17,0,0.00,2309.97,0.416333,0.02,34.6,0,0.00,4.706,0,0.00,0.0383,0,0.00,61.838,0.0121244,0.02,0.4551,0,0.00,3
b=6 d=24 tt=123,ragged,meta-llama/Llama-3.1-8B-Instruct,yuhuili/EAGLE3-LLaMA3.1-Instruct-8B,Authenticating Guest Users for Firebase using laravel,0,0,0.00,24,0,0.00,123,0,0.00,6,0,0.00,258,0,0.00,57,0,0.00,7521.33,2.07445,0.03,34.3,0,0.00,4.526,0,0.00,0.0368,0,0.00,62.4857,0.0248261,0.04,0.473533,5.7735e-05,0.01,3
b=6 d=24 tt=123,ragged,meta-llama/Llama-3.1-8B-Instruct,yuhuili/EAGLE3-LLaMA3.1-Instruct-8B,What means if my ALB in AWS returns 408 http error?,0,0,0.00,24,0,0.00,123,0,0.00,6,0,0.00,259,0,0.00,41,0,0.00,5440.37,2.77909,0.05,47.6,0,0.00,6.317,0,0.00,0.0514,0,0.00,62.3947,0.0371663,0.06,0.470233,5.7735e-05,0.01,3
b=6 d=24 tt=123,ragged,meta-llama/Llama-3.1-8B-Instruct,yuhuili/EAGLE3-LLaMA3.1-Instruct-8B,Please list the man hours to supply the BSA and 3 companies,0,0,0.00,24,0,0.00,123,0,0.00,6,0,0.00,265,0,0.00,45,0,0.00,5963.27,2.19393,0.04,44.4333,0.057735,0.13,5.889,0,0.00,0.0479,0,0.00,62.474,0.0304467,0.05,0.471433,5.7735e-05,0.01,3
b=6 d=24 tt=123,ragged,meta-llama/Llama-3.1-8B-Instruct,yuhuili/EAGLE3-LLaMA3.1-Instruct-8B,"How to handle ""enum.IntFlag"" and make it compatible with both python 2 and 3?",0,0,0.00,24,0,0.00,123,0,0.00,6,0,0.00,263,0,0.00,67,0,0.00,8817.9,2.00749,0.02,29.8,0,0.00,3.925,5.43896e-16,0.00,0.0319,0,0.00,62.4643,0.0198578,0.03,0.474633,5.7735e-05,0.01,3
b=6 d=24 tt=123,ragged,meta-llama/Llama-3.1-8B-Instruct,yuhuili/EAGLE3-LLaMA3.1-Instruct-8B,"As Ao Lie moves to pick up his cup of tea, Macaque notices a bandaged wound on h",0,0,0.00,24,0,0.00,123,0,0.00,6,0,0.00,258,0,0.00,60,0,0.00,7932.4,3.14802,0.04,32.5,0,0.00,4.3,0,0.00,0.035,0,0.00,62.643,0.0338674,0.05,0.473833,5.7735e-05,0.01,3
b=6 d=24 tt=123,ragged,meta-llama/Llama-3.1-8B-Instruct,yuhuili/EAGLE3-LLaMA3.1-Instruct-8B,can you write a script for youtube video related to hypnosis,0,0,0.00,24,0,0.00,123,0,0.00,6,0,0.00,265,0,0.00,44,0,0.00,5840.73,2.80238,0.05,45.3667,0.057735,0.13,6.023,0,0.00,0.049,8.49837e-18,0.00,62.563,0.0391535,0.06,0.4713,0.0001,0.02,3
b=16 d=6 tt=82,vanilla,meta-llama/Llama-3.1-8B-Instruct,yuhuili/EAGLE3-LLaMA3.1-Instruct-8B,"Thanks. Based on this, can you go back to the initial hires again? Which roles d",0,0,0.00,6,0,0.00,82,0,0.00,16,0,0.00,156,0,0.00,24,0,0.00,1968.1,0.8,0.04,79.2667,0.057735,0.07,6.5,0,0.00,0.0793,0,0.00,58.745,0.0338674,0.06,0.716333,0.000152753,0.02,3
b=16 d=6 tt=82,vanilla,meta-llama/Llama-3.1-8B-Instruct,yuhuili/EAGLE3-LLaMA3.1-Instruct-8B,is decentralized finance just a group of people coming together and pooling thei,0,0,0.00,6,0,0.00,82,0,0.00,16,0,0.00,258,0,0.00,43,0,0.00,3484.27,1.83394,0.05,74.0333,0.057735,0.08,6,0,0.00,0.0732,0,0.00,59.0687,0.0234379,0.04,0.729,0.0001,0.01,3
b=16 d=6 tt=82,vanilla,meta-llama/Llama-3.1-8B-Instruct,yuhuili/EAGLE3-LLaMA3.1-Instruct-8B,How do I visualize the audio waveform and spectrogram of an audio file using Pyt,0,0,0.00,6,0,0.00,82,0,0.00,16,0,0.00,264,0,0.00,58,0,0.00,4690.33,1.92959,0.04,56.3,8.70234e-15,0.00,4.552,0,0.00,0.0555,0,0.00,59.2833,0.0218251,0.04,0.733067,5.7735e-05,0.01,3
b=16 d=6 tt=82,vanilla,meta-llama/Llama-3.1-8B-Instruct,yuhuili/EAGLE3-LLaMA3.1-Instruct-8B,I want you act as best book seller and I will ask you questions. You have to giv,0,0,0.00,6,0,0.00,82,0,0.00,16,0,0.00,80,0,0.00,17,0,0.00,1409.07,1.00167,0.07,56.7667,0.057735,0.10,4.706,0,0.00,0.0574,0,0.00,58.3673,0.0080829,0.01,0.7042,0.000458258,0.07,3
b=16 d=6 tt=82,vanilla,meta-llama/Llama-3.1-8B-Instruct,yuhuili/EAGLE3-LLaMA3.1-Instruct-8B,Authenticating Guest Users for Firebase using laravel,0,0,0.00,6,0,0.00,82,0,0.00,16,0,0.00,258,0,0.00,56,0,0.00,4519.77,2.8746,0.06,57.0667,0.057735,0.10,4.607,0,0.00,0.0562,0,0.00,59.173,0.0310966,0.05,0.733167,5.7735e-05,0.01,3
b=16 d=6 tt=82,vanilla,meta-llama/Llama-3.1-8B-Instruct,yuhuili/EAGLE3-LLaMA3.1-Instruct-8B,What means if my ALB in AWS returns 408 http error?,0,0,0.00,6,0,0.00,82,0,0.00,16,0,0.00,257,0,0.00,44,0,0.00,3560.13,1.2897,0.04,72.2,0,0.00,5.841,0,0.00,0.0712,0,0.00,59.0017,0.0185831,0.03,0.729233,5.7735e-05,0.01,3
b=16 d=6 tt=82,vanilla,meta-llama/Llama-3.1-8B-Instruct,yuhuili/EAGLE3-LLaMA3.1-Instruct-8B,Please list the man hours to supply the BSA and 3 companies,0,0,0.00,6,0,0.00,82,0,0.00,16,0,0.00,264,0,0.00,46,0,0.00,3720,1.50997,0.04,70.9667,0.057735,0.08,5.739,0,0.00,0.07,0,0.00,59.025,0.0205183,0.03,0.729867,5.7735e-05,0.01,3
b=16 d=6 tt=82,vanilla,meta-llama/Llama-3.1-8B-Instruct,yuhuili/EAGLE3-LLaMA3.1-Instruct-8B,"How to handle ""enum.IntFlag"" and make it compatible with both python 2 and 3?",0,0,0.00,6,0,0.00,82,0,0.00,16,0,0.00,262,0,0.00,66,0,0.00,5315.9,2.17945,0.04,49.3,8.70234e-15,0.00,3.97,0,0.00,0.0484,0,0.00,59.1637,0.0275923,0.05,0.734533,0.00011547,0.02,3
b=16 d=6 tt=82,vanilla,meta-llama/Llama-3.1-8B-Instruct,yuhuili/EAGLE3-LLaMA3.1-Instruct-8B,"As Ao Lie moves to pick up his cup of tea, Macaque notices a bandaged wound on h",0,0,0.00,6,0,0.00,82,0,0.00,16,0,0.00,257,0,0.00,58,0,0.00,4702.8,0.7,0.01,54.6333,0.057735,0.11,4.431,0,0.00,0.054,0,0.00,59.433,0.0111355,0.02,0.732967,0.00011547,0.02,3
b=16 d=6 tt=82,vanilla,meta-llama/Llama-3.1-8B-Instruct,yuhuili/EAGLE3-LLaMA3.1-Instruct-8B,can you write a script for youtube video related to hypnosis,0,0,0.00,6,0,0.00,82,0,0.00,16,0,0.00,262,0,0.00,46,0,0.00,3729.9,0.87178,0.02,70.2333,0.057735,0.08,5.696,1.08779e-15,0.00,0.0695,0,0.00,59.2117,0.0080829,0.01,0.730233,5.7735e-05,0.01,3
b=16 d=6 tt=82,ragged,meta-llama/Llama-3.1-8B-Instruct,yuhuili/EAGLE3-LLaMA3.1-Instruct-8B,"Thanks. Based on this, can you go back to the initial hires again? Which roles d",0,0,0.00,6,0,0.00,82,0,0.00,16,0,0.00,156,0,0.00,24,0,0.00,2704.6,0.9,0.03,57.7,8.70234e-15,0.00,6.5,0,0.00,0.0793,0,0.00,89.3567,0.0231157,0.03,0.792933,5.7735e-05,0.01,3
b=16 d=6 tt=82,ragged,meta-llama/Llama-3.1-8B-Instruct,yuhuili/EAGLE3-LLaMA3.1-Instruct-8B,is decentralized finance just a group of people coming together and pooling thei,0,0,0.00,6,0,0.00,82,0,0.00,16,0,0.00,259,0,0.00,45,0,0.00,3646.1,1.0583,0.03,71.0333,0.057735,0.08,5.756,0,0.00,0.0702,0,0.00,59.0557,0.0234592,0.04,0.7289,0.0001,0.01,3
b=16 d=6 tt=82,ragged,meta-llama/Llama-3.1-8B-Instruct,yuhuili/EAGLE3-LLaMA3.1-Instruct-8B,How do I visualize the audio waveform and spectrogram of an audio file using Pyt,0,0,0.00,6,0,0.00,82,0,0.00,16,0,0.00,264,0,0.00,58,0,0.00,4692.6,0.7,0.01,56.3,8.70234e-15,0.00,4.552,0,0.00,0.0555,0,0.00,59.2743,0.00763763,0.01,0.7326,0.0001,0.01,3
b=16 d=6 tt=82,ragged,meta-llama/Llama-3.1-8B-Instruct,yuhuili/EAGLE3-LLaMA3.1-Instruct-8B,I want you act as best book seller and I will ask you questions. You have to giv,0,0,0.00,6,0,0.00,82,0,0.00,16,0,0.00,80,0,0.00,17,0,0.00,1409.5,0.264575,0.02,56.7667,0.057735,0.10,4.706,0,0.00,0.0574,0,0.00,58.336,0.00556776,0.01,0.703567,0.000152753,0.02,3
b=16 d=6 tt=82,ragged,meta-llama/Llama-3.1-8B-Instruct,yuhuili/EAGLE3-LLaMA3.1-Instruct-8B,Authenticating Guest Users for Firebase using laravel,0,0,0.00,6,0,0.00,82,0,0.00,16,0,0.00,258,0,0.00,56,0,0.00,4521.27,0.208167,0.00,57.1,0,0.00,4.607,0,0.00,0.0562,0,0.00,59.1183,0.0105987,0.02,0.732233,0.00011547,0.02,3
b=16 d=6 tt=82,ragged,meta-llama/Llama-3.1-8B-Instruct,yuhuili/EAGLE3-LLaMA3.1-Instruct-8B,What means if my ALB in AWS returns 408 http error?,0,0,0.00,6,0,0.00,82,0,0.00,16,0,0.00,259,0,0.00,45,0,0.00,3640.13,1.10151,0.03,71.1667,0.057735,0.08,5.756,0,0.00,0.0702,0,0.00,58.9343,0.00702377,0.01,0.728567,0.000321455,0.04,3
b=16 d=6 tt=82,ragged,meta-llama/Llama-3.1-8B-Instruct,yuhuili/EAGLE3-LLaMA3.1-Instruct-8B,Please list the man hours to supply the BSA and 3 companies,0,0,0.00,6,0,0.00,82,0,0.00,16,0,0.00,264,0,0.00,46,0,0.00,3724.1,5.37029,0.14,70.9,0.1,0.14,5.739,0,0.00,0.07,0,0.00,59.003,0.0555068,0.09,0.7288,0.00034641,0.05,3
b=16 d=6 tt=82,ragged,meta-llama/Llama-3.1-8B-Instruct,yuhuili/EAGLE3-LLaMA3.1-Instruct-8B,"How to handle ""enum.IntFlag"" and make it compatible with both python 2 and 3?",0,0,0.00,6,0,0.00,82,0,0.00,16,0,0.00,259,0,0.00,63,0,0.00,5073.83,1.93993,0.04,51.0333,0.057735,0.11,4.111,0,0.00,0.0501,0,0.00,59.0433,0.0161658,0.03,0.7331,0.0001,0.01,3
b=16 d=6 tt=82,ragged,meta-llama/Llama-3.1-8B-Instruct,yuhuili/EAGLE3-LLaMA3.1-Instruct-8B,"As Ao Lie moves to pick up his cup of tea, Macaque notices a bandaged wound on h",0,0,0.00,6,0,0.00,82,0,0.00,16,0,0.00,257,0,0.00,58,0,0.00,4704.27,1.97315,0.04,54.6333,0.057735,0.11,4.431,0,0.00,0.054,0,0.00,59.388,0.0168226,0.03,0.7322,0.0001,0.01,3
b=16 d=6 tt=82,ragged,meta-llama/Llama-3.1-8B-Instruct,yuhuili/EAGLE3-LLaMA3.1-Instruct-8B,can you write a script for youtube video related to hypnosis,0,0,0.00,6,0,0.00,82,0,0.00,16,0,0.00,258,0,0.00,45,0,0.00,3648.57,1.96299,0.05,70.7333,0.057735,0.08,5.733,0,0.00,0.0699,0,0.00,59.1083,0.0249466,0.04,0.729,0.0001,0.01,3
b=16 d=16 tt=219,vanilla,meta-llama/Llama-3.1-8B-Instruct,yuhuili/EAGLE3-LLaMA3.1-Instruct-8B,"Thanks. Based on this, can you go back to the initial hires again? Which roles d",0,0,0.00,16,0,0.00,219,0,0.00,16,0,0.00,156,0,0.00,19,0,0.00,2547.33,1.89297,0.07,61.2667,0.057735,0.09,8.211,0,0.00,0.0375,0,0.00,78.9487,0.0835125,0.11,0.5889,0.0002,0.03,3
b=16 d=16 tt=219,vanilla,meta-llama/Llama-3.1-8B-Instruct,yuhuili/EAGLE3-LLaMA3.1-Instruct-8B,is decentralized finance just a group of people coming together and pooling thei,0,0,0.00,16,0,0.00,219,0,0.00,16,0,0.00,260,0,0.00,39,0,0.00,5153.63,3.30807,0.06,50.4667,0.057735,0.11,6.667,1.08779e-15,0.00,0.0304,0,0.00,79.5813,0.0681934,0.09,0.602233,0.000152753,0.03,3
b=16 d=16 tt=219,vanilla,meta-llama/Llama-3.1-8B-Instruct,yuhuili/EAGLE3-LLaMA3.1-Instruct-8B,How do I visualize the audio waveform and spectrogram of an audio file using Pyt,0,0,0.00,16,0,0.00,219,0,0.00,16,0,0.00,267,0,0.00,55,0,0.00,7259.83,11.097,0.15,36.7667,0.057735,0.16,4.855,0,0.00,0.0222,0,0.00,80.0223,0.083865,0.10,0.606233,0.000305505,0.05,3
b=16 d=16 tt=219,vanilla,meta-llama/Llama-3.1-8B-Instruct,yuhuili/EAGLE3-LLaMA3.1-Instruct-8B,I want you act as best book seller and I will ask you questions. You have to giv,0,0,0.00,16,0,0.00,219,0,0.00,16,0,0.00,80,0,0.00,14,0,0.00,1897.23,6.03849,0.32,42.1333,0.11547,0.27,5.714,1.08779e-15,0.00,0.0261,0,0.00,78.442,0.167771,0.21,0.578833,0.000550757,0.10,3
b=16 d=16 tt=219,vanilla,meta-llama/Llama-3.1-8B-Instruct,yuhuili/EAGLE3-LLaMA3.1-Instruct-8B,Authenticating Guest Users for Firebase using laravel,0,0,0.00,16,0,0.00,219,0,0.00,16,0,0.00,258,0,0.00,55,0,0.00,7237.17,17.9581,0.25,35.6333,0.11547,0.32,4.691,0,0.00,0.0214,0,0.00,79.6993,0.0906661,0.11,0.6057,0.000781025,0.13,3
b=16 d=16 tt=219,vanilla,meta-llama/Llama-3.1-8B-Instruct,yuhuili/EAGLE3-LLaMA3.1-Instruct-8B,What means if my ALB in AWS returns 408 http error?,0,0,0.00,16,0,0.00,219,0,0.00,16,0,0.00,260,0,0.00,38,0,0.00,5018.8,4,0.08,51.8,8.70234e-15,0.00,6.842,0,0.00,0.0312,4.24919e-18,0.00,79.448,0.0914112,0.12,0.601533,0.000208167,0.03,3
b=16 d=16 tt=219,vanilla,meta-llama/Llama-3.1-8B-Instruct,yuhuili/EAGLE3-LLaMA3.1-Instruct-8B,Please list the man hours to supply the BSA and 3 companies,0,0,0.00,16,0,0.00,219,0,0.00,16,0,0.00,257,0,0.00,38,0,0.00,5002,14.3792,0.29,51.4,0.173205,0.34,6.763,1.08779e-15,0.00,0.0309,0,0.00,79.106,0.33032,0.42,0.600967,0.000757188,0.13,3
b=16 d=16 tt=219,vanilla,meta-llama/Llama-3.1-8B-Instruct,yuhuili/EAGLE3-LLaMA3.1-Instruct-8B,"How to handle ""enum.IntFlag"" and make it compatible with both python 2 and 3?",0,0,0.00,16,0,0.00,219,0,0.00,16,0,0.00,263,0,0.00,62,0,0.00,8133.77,5.0797,0.06,32.3333,0.057735,0.18,4.242,0,0.00,0.0194,0,0.00,79.6573,0.0727622,0.09,0.6072,0.000173205,0.03,3
b=16 d=16 tt=219,vanilla,meta-llama/Llama-3.1-8B-Instruct,yuhuili/EAGLE3-LLaMA3.1-Instruct-8B,"As Ao Lie moves to pick up his cup of tea, Macaque notices a bandaged wound on h",0,0,0.00,16,0,0.00,219,0,0.00,16,0,0.00,258,0,0.00,49,0,0.00,6482.3,3.34215,0.05,39.8,0,0.00,5.265,0,0.00,0.024,4.24919e-18,0.00,80.051,0.0554346,0.07,0.605133,0.000152753,0.03,3
b=16 d=16 tt=219,vanilla,meta-llama/Llama-3.1-8B-Instruct,yuhuili/EAGLE3-LLaMA3.1-Instruct-8B,can you write a script for youtube video related to hypnosis,0,0,0.00,16,0,0.00,219,0,0.00,16,0,0.00,265,0,0.00,41,0,0.00,5413.07,11.3984,0.21,48.9667,0.11547,0.24,6.463,0,0.00,0.0295,0,0.00,79.5633,0.231759,0.29,0.602633,0.000503322,0.08,3
b=16 d=16 tt=219,ragged,meta-llama/Llama-3.1-8B-Instruct,yuhuili/EAGLE3-LLaMA3.1-Instruct-8B,"Thanks. Based on this, can you go back to the initial hires again? Which roles d",0,0,0.00,16,0,0.00,219,0,0.00,16,0,0.00,156,0,0.00,19,0,0.00,3260.27,2.34592,0.07,47.8667,0.057735,0.12,8.211,0,0.00,0.0375,0,0.00,116.228,0.0772161,0.07,0.677333,0.000152753,0.02,3
b=16 d=16 tt=219,ragged,meta-llama/Llama-3.1-8B-Instruct,yuhuili/EAGLE3-LLaMA3.1-Instruct-8B,is decentralized finance just a group of people coming together and pooling thei,0,0,0.00,16,0,0.00,219,0,0.00,16,0,0.00,260,0,0.00,39,0,0.00,5066.43,17.084,0.34,51.3,0.173205,0.34,6.667,1.08779e-15,0.00,0.0304,0,0.00,77.2083,0.34357,0.44,0.594333,0.000680686,0.11,3
b=16 d=16 tt=219,ragged,meta-llama/Llama-3.1-8B-Instruct,yuhuili/EAGLE3-LLaMA3.1-Instruct-8B,How do I visualize the audio waveform and spectrogram of an audio file using Pyt,0,0,0.00,16,0,0.00,219,0,0.00,16,0,0.00,267,0,0.00,55,0,0.00,7115.83,21.1453,0.30,37.5333,0.11547,0.31,4.855,0,0.00,0.0222,0,0.00,77.376,0.303402,0.39,0.598067,0.000568624,0.10,3
b=16 d=16 tt=219,ragged,meta-llama/Llama-3.1-8B-Instruct,yuhuili/EAGLE3-LLaMA3.1-Instruct-8B,I want you act as best book seller and I will ask you questions. You have to giv,0,0,0.00,16,0,0.00,219,0,0.00,16,0,0.00,80,0,0.00,14,0,0.00,1874.03,4.64579,0.25,42.6667,0.11547,0.27,5.714,1.08779e-15,0.00,0.0261,0,0.00,76.8017,0.277525,0.36,0.573733,0.000635085,0.11,3
b=16 d=16 tt=219,ragged,meta-llama/Llama-3.1-8B-Instruct,yuhuili/EAGLE3-LLaMA3.1-Instruct-8B,Authenticating Guest Users for Firebase using laravel,0,0,0.00,16,0,0.00,219,0,0.00,16,0,0.00,258,0,0.00,55,0,0.00,7113.1,20.6158,0.29,36.2667,0.11547,0.32,4.691,0,0.00,0.0214,0,0.00,77.4033,0.279495,0.36,0.5985,0.00043589,0.07,3
b=16 d=16 tt=219,ragged,meta-llama/Llama-3.1-8B-Instruct,yuhuili/EAGLE3-LLaMA3.1-Instruct-8B,What means if my ALB in AWS returns 408 http error?,0,0,0.00,16,0,0.00,219,0,0.00,16,0,0.00,260,0,0.00,39,0,0.00,5089.83,14.1567,0.28,51.1,0.173205,0.34,6.667,1.08779e-15,0.00,0.0304,0,0.00,77.632,0.114503,0.15,0.594833,0.000723418,0.12,3
b=16 d=16 tt=219,ragged,meta-llama/Llama-3.1-8B-Instruct,yuhuili/EAGLE3-LLaMA3.1-Instruct-8B,Please list the man hours to supply the BSA and 3 companies,0,0,0.00,16,0,0.00,219,0,0.00,16,0,0.00,257,0,0.00,38,0,0.00,4945.6,16.1975,0.33,51.9667,0.208167,0.40,6.763,1.08779e-15,0.00,0.0309,0,0.00,77.3427,0.280236,0.36,0.594267,0.000378594,0.06,3
b=16 d=16 tt=219,ragged,meta-llama/Llama-3.1-8B-Instruct,yuhuili/EAGLE3-LLaMA3.1-Instruct-8B,"How to handle ""enum.IntFlag"" and make it compatible with both python 2 and 3?",0,0,0.00,16,0,0.00,219,0,0.00,16,0,0.00,263,0,0.00,62,0,0.00,8017,1.0583,0.01,32.8,0,0.00,4.242,0,0.00,0.0194,0,0.00,77.5467,0.00702377,0.01,0.5997,0.0001,0.02,3
b=16 d=16 tt=219,ragged,meta-llama/Llama-3.1-8B-Instruct,yuhuili/EAGLE3-LLaMA3.1-Instruct-8B,"As Ao Lie moves to pick up his cup of tea, Macaque notices a bandaged wound on h",0,0,0.00,16,0,0.00,219,0,0.00,16,0,0.00,258,0,0.00,49,0,0.00,6376.83,1.861,0.03,40.4667,0.057735,0.14,5.265,0,0.00,0.024,4.24919e-18,0.00,77.721,0.0236432,0.03,0.5972,0,0.00,3
b=16 d=16 tt=219,ragged,meta-llama/Llama-3.1-8B-Instruct,yuhuili/EAGLE3-LLaMA3.1-Instruct-8B,can you write a script for youtube video related to hypnosis,0,0,0.00,16,0,0.00,219,0,0.00,16,0,0.00,265,0,0.00,41,0,0.00,5329.57,11.4788,0.22,49.7333,0.11547,0.23,6.463,0,0.00,0.0295,0,0.00,77.3427,0.243048,0.31,0.595,0.000608276,0.10,3
b=16 d=24 tt=329,vanilla,meta-llama/Llama-3.1-8B-Instruct,yuhuili/EAGLE3-LLaMA3.1-Instruct-8B,"Thanks. Based on this, can you go back to the initial hires again? Which roles d",0,0,0.00,24,0,0.00,329,0,0.00,16,0,0.00,156,0,0.00,18,0,0.00,3490.13,3.09246,0.09,44.7,8.70234e-15,0.00,8.667,0,0.00,0.0263,0,0.00,114.02,0.169544,0.15,0.588033,0.000351188,0.06,3
b=16 d=24 tt=329,vanilla,meta-llama/Llama-3.1-8B-Instruct,yuhuili/EAGLE3-LLaMA3.1-Instruct-8B,is decentralized finance just a group of people coming together and pooling thei,0,0,0.00,24,0,0.00,329,0,0.00,16,0,0.00,260,0,0.00,38,0,0.00,7019.5,23.759,0.34,37.0333,0.11547,0.31,6.842,0,0.00,0.0208,0,0.00,108.277,0.56949,0.53,0.586133,0.00109697,0.19,3
b=16 d=24 tt=329,vanilla,meta-llama/Llama-3.1-8B-Instruct,yuhuili/EAGLE3-LLaMA3.1-Instruct-8B,How do I visualize the audio waveform and spectrogram of an audio file using Pyt,0,0,0.00,24,0,0.00,329,0,0.00,16,0,0.00,267,0,0.00,55,0,0.00,10062.7,40.6314,0.40,26.5,0.1,0.38,4.855,0,0.00,0.0148,0,0.00,107.244,0.543545,0.51,0.586167,0.00085049,0.15,3
b=16 d=24 tt=329,vanilla,meta-llama/Llama-3.1-8B-Instruct,yuhuili/EAGLE3-LLaMA3.1-Instruct-8B,I want you act as best book seller and I will ask you questions. You have to giv,0,0,0.00,24,0,0.00,329,0,0.00,16,0,0.00,80,0,0.00,14,0,0.00,2609.83,3.04357,0.12,30.6667,0.057735,0.19,5.714,1.08779e-15,0.00,0.0174,0,0.00,104.759,0.206374,0.20,0.561967,0.000472582,0.08,3
b=16 d=24 tt=329,vanilla,meta-llama/Llama-3.1-8B-Instruct,yuhuili/EAGLE3-LLaMA3.1-Instruct-8B,Authenticating Guest Users for Firebase using laravel,0,0,0.00,24,0,0.00,329,0,0.00,16,0,0.00,258,0,0.00,55,0,0.00,10044.2,5.02693,0.05,25.7,0,0.00,4.691,0,0.00,0.0143,0,0.00,107.042,0.0545252,0.05,0.586167,0.00061101,0.10,3
b=16 d=24 tt=329,vanilla,meta-llama/Llama-3.1-8B-Instruct,yuhuili/EAGLE3-LLaMA3.1-Instruct-8B,What means if my ALB in AWS returns 408 http error?,0,0,0.00,24,0,0.00,329,0,0.00,16,0,0.00,257,0,0.00,38,0,0.00,7159.87,8.22456,0.11,35.9,0,0.00,6.763,1.08779e-15,0.00,0.0206,0,0.00,112.044,0.18599,0.17,0.594667,0.000321455,0.05,3
b=16 d=24 tt=329,vanilla,meta-llama/Llama-3.1-8B-Instruct,yuhuili/EAGLE3-LLaMA3.1-Instruct-8B,Please list the man hours to supply the BSA and 3 companies,0,0,0.00,24,0,0.00,329,0,0.00,16,0,0.00,257,0,0.00,37,0,0.00,6846.83,17.4592,0.25,37.5333,0.057735,0.15,6.946,1.08779e-15,0.00,0.0211,4.24919e-18,0.00,108.514,0.453891,0.42,0.5864,0.000953939,0.16,3
b=16 d=24 tt=329,vanilla,meta-llama/Llama-3.1-8B-Instruct,yuhuili/EAGLE3-LLaMA3.1-Instruct-8B,"How to handle ""enum.IntFlag"" and make it compatible with both python 2 and 3?",0,0,0.00,24,0,0.00,329,0,0.00,16,0,0.00,263,0,0.00,61,0,0.00,11363.7,12.3346,0.11,23.1333,0.057735,0.25,4.311,0,0.00,0.0131,0,0.00,111.197,0.199543,0.18,0.596867,0.000416333,0.07,3
b=16 d=24 tt=329,vanilla,meta-llama/Llama-3.1-8B-Instruct,yuhuili/EAGLE3-LLaMA3.1-Instruct-8B,"As Ao Lie moves to pick up his cup of tea, Macaque notices a bandaged wound on h",0,0,0.00,24,0,0.00,329,0,0.00,16,0,0.00,260,0,0.00,52,0,0.00,9826.83,15.1054,0.15,26.4667,0.057735,0.22,5,0,0.00,0.0152,0,0.00,113.408,0.258636,0.23,0.6001,0.0004,0.07,3
b=16 d=24 tt=329,vanilla,meta-llama/Llama-3.1-8B-Instruct,yuhuili/EAGLE3-LLaMA3.1-Instruct-8B,can you write a script for youtube video related to hypnosis,0,0,0.00,24,0,0.00,329,0,0.00,16,0,0.00,265,0,0.00,41,0,0.00,7579.53,15.2844,0.20,34.9667,0.057735,0.17,6.463,0,0.00,0.0196,0,0.00,108.598,0.334808,0.31,0.587433,0.00061101,0.10,3
b=16 d=24 tt=329,ragged,meta-llama/Llama-3.1-8B-Instruct,yuhuili/EAGLE3-LLaMA3.1-Instruct-8B,"Thanks. Based on this, can you go back to the initial hires again? Which roles d",0,0,0.00,24,0,0.00,329,0,0.00,16,0,0.00,156,0,0.00,18,0,0.00,4000.73,1.32035,0.03,39,0,0.00,8.667,0,0.00,0.0263,0,0.00,141.904,0.0589689,0.04,0.638467,5.7735e-05,0.01,3
b=16 d=24 tt=329,ragged,meta-llama/Llama-3.1-8B-Instruct,yuhuili/EAGLE3-LLaMA3.1-Instruct-8B,is decentralized finance just a group of people coming together and pooling thei,0,0,0.00,24,0,0.00,329,0,0.00,16,0,0.00,260,0,0.00,38,0,0.00,6744.13,3.05996,0.05,38.5333,0.057735,0.15,6.842,0,0.00,0.0208,0,0.00,100.663,0.0457384,0.05,0.567167,5.7735e-05,0.01,3
b=16 d=24 tt=329,ragged,meta-llama/Llama-3.1-8B-Instruct,yuhuili/EAGLE3-LLaMA3.1-Instruct-8B,How do I visualize the audio waveform and spectrogram of an audio file using Pyt,0,0,0.00,24,0,0.00,329,0,0.00,16,0,0.00,267,0,0.00,55,0,0.00,9854,9.87472,0.10,27.1,4.35117e-15,0.00,4.855,0,0.00,0.0148,0,0.00,103.391,0.144351,0.14,0.577067,0.00023094,0.04,3
b=16 d=24 tt=329,ragged,meta-llama/Llama-3.1-8B-Instruct,yuhuili/EAGLE3-LLaMA3.1-Instruct-8B,I want you act as best book seller and I will ask you questions. You have to giv,0,0,0.00,24,0,0.00,329,0,0.00,16,0,0.00,80,0,0.00,14,0,0.00,2616.07,1.98578,0.08,30.6,4.35117e-15,0.00,5.714,1.08779e-15,0.00,0.0174,0,0.00,105.207,0.106829,0.10,0.563,0.000173205,0.03,3
b=16 d=24 tt=329,ragged,meta-llama/Llama-3.1-8B-Instruct,yuhuili/EAGLE3-LLaMA3.1-Instruct-8B,Authenticating Guest Users for Firebase using laravel,0,0,0.00,24,0,0.00,329,0,0.00,16,0,0.00,258,0,0.00,55,0,0.00,10035.4,25.608,0.26,25.7333,0.057735,0.22,4.691,0,0.00,0.0143,0,0.00,106.983,0.428731,0.40,0.586367,0.00085049,0.15,3
b=16 d=24 tt=329,ragged,meta-llama/Llama-3.1-8B-Instruct,yuhuili/EAGLE3-LLaMA3.1-Instruct-8B,What means if my ALB in AWS returns 408 http error?,0,0,0.00,24,0,0.00,329,0,0.00,16,0,0.00,267,0,0.00,37,0,0.00,6778.47,16.2004,0.24,39.4,0.1,0.25,7.216,0,0.00,0.0219,0,0.00,106.513,0.412981,0.39,0.5814,0.00087178,0.15,3
b=16 d=24 tt=329,ragged,meta-llama/Llama-3.1-8B-Instruct,yuhuili/EAGLE3-LLaMA3.1-Instruct-8B,Please list the man hours to supply the BSA and 3 companies,0,0,0.00,24,0,0.00,329,0,0.00,16,0,0.00,257,0,0.00,37,0,0.00,6759.4,13.372,0.20,38,0.1,0.26,6.946,1.08779e-15,0.00,0.0211,4.24919e-18,0.00,106.069,0.328071,0.31,0.580567,0.000650641,0.11,3
b=16 d=24 tt=329,ragged,meta-llama/Llama-3.1-8B-Instruct,yuhuili/EAGLE3-LLaMA3.1-Instruct-8B,"How to handle ""enum.IntFlag"" and make it compatible with both python 2 and 3?",0,0,0.00,24,0,0.00,329,0,0.00,16,0,0.00,263,0,0.00,61,0,0.00,10925.6,15.0281,0.14,24.0667,0.057735,0.24,4.311,0,0.00,0.0131,0,0.00,103.74,0.225894,0.22,0.579233,0.000450925,0.08,3
b=16 d=24 tt=329,ragged,meta-llama/Llama-3.1-8B-Instruct,yuhuili/EAGLE3-LLaMA3.1-Instruct-8B,"As Ao Lie moves to pick up his cup of tea, Macaque notices a bandaged wound on h",0,0,0.00,24,0,0.00,329,0,0.00,16,0,0.00,258,0,0.00,50,0,0.00,9017.1,0.953939,0.01,28.6,4.35117e-15,0.00,5.16,0,0.00,0.0157,0,0.00,104.306,0.0115902,0.01,0.5784,0,0.00,3
b=16 d=24 tt=329,ragged,meta-llama/Llama-3.1-8B-Instruct,yuhuili/EAGLE3-LLaMA3.1-Instruct-8B,can you write a script for youtube video related to hypnosis,0,0,0.00,24,0,0.00,329,0,0.00,16,0,0.00,265,0,0.00,41,0,0.00,7413.23,22.6058,0.30,35.7667,0.11547,0.32,6.463,0,0.00,0.0196,0,0.00,104.255,0.496432,0.48,0.5766,0.00103923,0.18,3
b=24 d=6 tt=123,vanilla,meta-llama/Llama-3.1-8B-Instruct,yuhuili/EAGLE3-LLaMA3.1-Instruct-8B,"Thanks. Based on this, can you go back to the initial hires again? Which roles d",0,0,0.00,6,0,0.00,123,0,0.00,24,0,0.00,156,0,0.00,23,0,0.00,1984,1.21655,0.06,78.6667,0.057735,0.07,6.783,0,0.00,0.0551,0,0.00,62.0253,0.0362537,0.06,0.719033,5.7735e-05,0.01,3
b=24 d=6 tt=123,vanilla,meta-llama/Llama-3.1-8B-Instruct,yuhuili/EAGLE3-LLaMA3.1-Instruct-8B,is decentralized finance just a group of people coming together and pooling thei,0,0,0.00,6,0,0.00,123,0,0.00,24,0,0.00,259,0,0.00,44,0,0.00,3747.4,1.49332,0.04,69.1,0,0.00,5.886,0,0.00,0.0479,0,0.00,62.4317,0.0221435,0.04,0.733067,5.7735e-05,0.01,3
b=24 d=6 tt=123,vanilla,meta-llama/Llama-3.1-8B-Instruct,yuhuili/EAGLE3-LLaMA3.1-Instruct-8B,How do I visualize the audio waveform and spectrogram of an audio file using Pyt,0,0,0.00,6,0,0.00,123,0,0.00,24,0,0.00,264,0,0.00,58,0,0.00,4941.1,2.71846,0.06,53.4333,0.057735,0.11,4.552,0,0.00,0.037,0,0.00,62.7427,0.0161658,0.03,0.736467,0.000305505,0.04,3
b=24 d=6 tt=123,vanilla,meta-llama/Llama-3.1-8B-Instruct,yuhuili/EAGLE3-LLaMA3.1-Instruct-8B,I want you act as best book seller and I will ask you questions. You have to giv,0,0,0.00,6,0,0.00,123,0,0.00,24,0,0.00,80,0,0.00,16,0,0.00,1399.63,0.550757,0.04,57.1333,0.057735,0.10,5,0,0.00,0.0407,0,0.00,61.883,0.0151327,0.02,0.707433,0.000152753,0.02,3
b=24 d=6 tt=123,vanilla,meta-llama/Llama-3.1-8B-Instruct,yuhuili/EAGLE3-LLaMA3.1-Instruct-8B,Authenticating Guest Users for Firebase using laravel,0,0,0.00,6,0,0.00,123,0,0.00,24,0,0.00,258,0,0.00,56,0,0.00,4756.8,1.41774,0.03,54.2333,0.057735,0.11,4.607,0,0.00,0.0375,0,0.00,62.5877,0.0100664,0.02,0.736833,5.7735e-05,0.01,3
b=24 d=6 tt=123,vanilla,meta-llama/Llama-3.1-8B-Instruct,yuhuili/EAGLE3-LLaMA3.1-Instruct-8B,What means if my ALB in AWS returns 408 http error?,0,0,0.00,6,0,0.00,123,0,0.00,24,0,0.00,260,0,0.00,40,0,0.00,3410.9,1.86815,0.05,76.2333,0.057735,0.08,6.5,0,0.00,0.0528,8.49837e-18,0.00,62.356,0.0282135,0.05,0.731233,5.7735e-05,0.01,3
b=24 d=6 tt=123,vanilla,meta-llama/Llama-3.1-8B-Instruct,yuhuili/EAGLE3-LLaMA3.1-Instruct-8B,Please list the man hours to supply the BSA and 3 companies,0,0,0.00,6,0,0.00,123,0,0.00,24,0,0.00,257,0,0.00,44,0,0.00,3746.57,1.81475,0.05,68.6,0,0.00,5.841,0,0.00,0.0475,8.49837e-18,0.00,62.423,0.030348,0.05,0.7331,0,0.00,3
b=24 d=6 tt=123,vanilla,meta-llama/Llama-3.1-8B-Instruct,yuhuili/EAGLE3-LLaMA3.1-Instruct-8B,"How to handle ""enum.IntFlag"" and make it compatible with both python 2 and 3?",0,0,0.00,6,0,0.00,123,0,0.00,24,0,0.00,262,0,0.00,64,0,0.00,5432.5,2.40208,0.04,48.2333,0.057735,0.12,4.094,0,0.00,0.0333,0,0.00,62.6573,0.0261024,0.04,0.7382,0,0.00,3
b=24 d=6 tt=123,vanilla,meta-llama/Llama-3.1-8B-Instruct,yuhuili/EAGLE3-LLaMA3.1-Instruct-8B,"As Ao Lie moves to pick up his cup of tea, Macaque notices a bandaged wound on h",0,0,0.00,6,0,0.00,123,0,0.00,24,0,0.00,257,0,0.00,56,0,0.00,4781.87,2.13854,0.04,53.7333,0.057735,0.11,4.589,0,0.00,0.0373,0,0.00,62.8773,0.0282194,0.04,0.736367,5.7735e-05,0.01,3
b=24 d=6 tt=123,vanilla,meta-llama/Llama-3.1-8B-Instruct,yuhuili/EAGLE3-LLaMA3.1-Instruct-8B,can you write a script for youtube video related to hypnosis,0,0,0.00,6,0,0.00,123,0,0.00,24,0,0.00,262,0,0.00,46,0,0.00,3921.4,0.781025,0.02,66.8,0,0.00,5.696,1.08779e-15,0.00,0.0463,0,0.00,62.5647,0.0133167,0.02,0.733933,5.7735e-05,0.01,3
b=24 d=6 tt=123,ragged,meta-llama/Llama-3.1-8B-Instruct,yuhuili/EAGLE3-LLaMA3.1-Instruct-8B,"Thanks. Based on this, can you go back to the initial hires again? Which roles d",0,0,0.00,6,0,0.00,123,0,0.00,24,0,0.00,156,0,0.00,23,0,0.00,2716.77,0.404145,0.01,57.4,0,0.00,6.783,0,0.00,0.0551,0,0.00,93.8297,0.0310054,0.03,0.794367,0.00011547,0.01,3
b=24 d=6 tt=123,ragged,meta-llama/Llama-3.1-8B-Instruct,yuhuili/EAGLE3-LLaMA3.1-Instruct-8B,is decentralized finance just a group of people coming together and pooling thei,0,0,0.00,6,0,0.00,123,0,0.00,24,0,0.00,259,0,0.00,43,0,0.00,3654.5,0.4,0.01,70.9,0,0.00,6.023,0,0.00,0.049,8.49837e-18,0.00,62.1463,0.00873689,0.01,0.731233,5.7735e-05,0.01,3
b=24 d=6 tt=123,ragged,meta-llama/Llama-3.1-8B-Instruct,yuhuili/EAGLE3-LLaMA3.1-Instruct-8B,How do I visualize the audio waveform and spectrogram of an audio file using Pyt,0,0,0.00,6,0,0.00,123,0,0.00,24,0,0.00,264,0,0.00,58,0,0.00,4920.77,1.2741,0.03,53.6333,0.057735,0.11,4.552,0,0.00,0.037,0,0.00,62.3807,0.0137961,0.02,0.735267,5.7735e-05,0.01,3
b=24 d=6 tt=123,ragged,meta-llama/Llama-3.1-8B-Instruct,yuhuili/EAGLE3-LLaMA3.1-Instruct-8B,I want you act as best book seller and I will ask you questions. You have to giv,0,0,0.00,6,0,0.00,123,0,0.00,24,0,0.00,80,0,0.00,16,0,0.00,1396.73,0.351188,0.03,57.3,8.70234e-15,0.00,5,0,0.00,0.0407,0,0.00,61.6323,0.00832666,0.01,0.706033,0.00011547,0.02,3
b=24 d=6 tt=123,ragged,meta-llama/Llama-3.1-8B-Instruct,yuhuili/EAGLE3-LLaMA3.1-Instruct-8B,Authenticating Guest Users for Firebase using laravel,0,0,0.00,6,0,0.00,123,0,0.00,24,0,0.00,258,0,0.00,56,0,0.00,4741.67,2.11266,0.04,54.4,0,0.00,4.607,0,0.00,0.0375,0,0.00,62.224,0.0167033,0.03,0.734867,0.000152753,0.02,3
b=24 d=6 tt=123,ragged,meta-llama/Llama-3.1-8B-Instruct,yuhuili/EAGLE3-LLaMA3.1-Instruct-8B,What means if my ALB in AWS returns 408 http error?,0,0,0.00,6,0,0.00,123,0,0.00,24,0,0.00,259,0,0.00,44,0,0.00,3735.87,1.40475,0.04,69.3333,0.057735,0.08,5.886,0,0.00,0.0479,0,0.00,62.098,0.0177764,0.03,0.731367,5.7735e-05,0.01,3
b=24 d=6 tt=123,ragged,meta-llama/Llama-3.1-8B-Instruct,yuhuili/EAGLE3-LLaMA3.1-Instruct-8B,Please list the man hours to supply the BSA and 3 companies,0,0,0.00,6,0,0.00,123,0,0.00,24,0,0.00,257,0,0.00,44,0,0.00,3735.17,2.47857,0.07,68.8,0,0.00,5.841,0,0.00,0.0475,8.49837e-18,0.00,62.106,0.0479479,0.08,0.7316,0.0001,0.01,3
b=24 d=6 tt=123,ragged,meta-llama/Llama-3.1-8B-Instruct,yuhuili/EAGLE3-LLaMA3.1-Instruct-8B,"How to handle ""enum.IntFlag"" and make it compatible with both python 2 and 3?",0,0,0.00,6,0,0.00,123,0,0.00,24,0,0.00,259,0,0.00,58,0,0.00,4903.9,1.0583,0.02,52.8,8.70234e-15,0.00,4.466,0,0.00,0.0363,0,0.00,62.1487,0.0184752,0.03,0.735033,5.7735e-05,0.01,3
b=24 d=6 tt=123,ragged,meta-llama/Llama-3.1-8B-Instruct,yuhuili/EAGLE3-LLaMA3.1-Instruct-8B,"As Ao Lie moves to pick up his cup of tea, Macaque notices a bandaged wound on h",0,0,0.00,6,0,0.00,123,0,0.00,24,0,0.00,257,0,0.00,56,0,0.00,4761,1.04403,0.02,54,0,0.00,4.589,0,0.00,0.0373,0,0.00,62.4397,0.0160728,0.03,0.734433,5.7735e-05,0.01,3
b=24 d=6 tt=123,ragged,meta-llama/Llama-3.1-8B-Instruct,yuhuili/EAGLE3-LLaMA3.1-Instruct-8B,can you write a script for youtube video related to hypnosis,0,0,0.00,6,0,0.00,123,0,0.00,24,0,0.00,258,0,0.00,44,0,0.00,3741.13,0.585947,0.02,69,0,0.00,5.864,0,0.00,0.0477,0,0.00,62.2087,0.00665833,0.01,0.731633,5.7735e-05,0.01,3
b=24 d=16 tt=329,vanilla,meta-llama/Llama-3.1-8B-Instruct,yuhuili/EAGLE3-LLaMA3.1-Instruct-8B,"Thanks. Based on this, can you go back to the initial hires again? Which roles d",0,0,0.00,16,0,0.00,329,0,0.00,24,0,0.00,156,0,0.00,19,0,0.00,3109.7,9.43981,0.30,50.1667,0.152753,0.30,8.211,0,0.00,0.025,4.24919e-18,0.00,105.504,0.11935,0.11,0.6446,0.00200749,0.31,3
b=24 d=16 tt=329,vanilla,meta-llama/Llama-3.1-8B-Instruct,yuhuili/EAGLE3-LLaMA3.1-Instruct-8B,is decentralized finance just a group of people coming together and pooling thei,0,0,0.00,16,0,0.00,329,0,0.00,24,0,0.00,260,0,0.00,34,0,0.00,5524.27,6.87047,0.12,47.0667,0.057735,0.12,7.647,1.08779e-15,0.00,0.0232,0,0.00,106.787,0.136387,0.13,0.657267,5.7735e-05,0.01,3
b=24 d=16 tt=329,vanilla,meta-llama/Llama-3.1-8B-Instruct,yuhuili/EAGLE3-LLaMA3.1-Instruct-8B,How do I visualize the audio waveform and spectrogram of an audio file using Pyt,0,0,0.00,16,0,0.00,329,0,0.00,24,0,0.00,267,0,0.00,55,0,0.00,9151.97,16.3274,0.18,29.1667,0.057735,0.20,4.855,0,0.00,0.0148,0,0.00,112.022,0.26885,0.24,0.6732,0.000519615,0.08,3
b=24 d=16 tt=329,vanilla,meta-llama/Llama-3.1-8B-Instruct,yuhuili/EAGLE3-LLaMA3.1-Instruct-8B,I want you act as best book seller and I will ask you questions. You have to giv,0,0,0.00,16,0,0.00,329,0,0.00,24,0,0.00,80,0,0.00,13,0,0.00,2138.83,5.92312,0.28,37.3667,0.11547,0.31,6.154,0,0.00,0.0187,0,0.00,104.334,0.462271,0.44,0.634133,0.00106927,0.17,3
b=24 d=16 tt=329,vanilla,meta-llama/Llama-3.1-8B-Instruct,yuhuili/EAGLE3-LLaMA3.1-Instruct-8B,Authenticating Guest Users for Firebase using laravel,0,0,0.00,16,0,0.00,329,0,0.00,24,0,0.00,258,0,0.00,55,0,0.00,8905.4,21.8424,0.25,28.9667,0.11547,0.40,4.691,0,0.00,0.0143,0,0.00,107.557,0.390321,0.36,0.664267,0.000757188,0.11,3
b=24 d=16 tt=329,vanilla,meta-llama/Llama-3.1-8B-Instruct,yuhuili/EAGLE3-LLaMA3.1-Instruct-8B,What means if my ALB in AWS returns 408 http error?,0,0,0.00,16,0,0.00,329,0,0.00,24,0,0.00,258,0,0.00,36,0,0.00,5893.9,21.5715,0.37,43.7333,0.152753,0.35,7.167,1.08779e-15,0.00,0.0218,0,0.00,108.252,0.448547,0.41,0.6612,0.000953939,0.14,3
b=24 d=16 tt=329,vanilla,meta-llama/Llama-3.1-8B-Instruct,yuhuili/EAGLE3-LLaMA3.1-Instruct-8B,Please list the man hours to supply the BSA and 3 companies,0,0,0.00,16,0,0.00,329,0,0.00,24,0,0.00,266,0,0.00,37,0,0.00,6167.23,3.23471,0.05,43.1333,0.057735,0.13,7.189,0,0.00,0.0219,0,0.00,111.544,0.150474,0.13,0.6692,0.0006,0.09,3
b=24 d=16 tt=329,vanilla,meta-llama/Llama-3.1-8B-Instruct,yuhuili/EAGLE3-LLaMA3.1-Instruct-8B,"How to handle ""enum.IntFlag"" and make it compatible with both python 2 and 3?",0,0,0.00,16,0,0.00,329,0,0.00,24,0,0.00,263,0,0.00,59,0,0.00,9551.23,13.5692,0.14,27.5667,0.057735,0.21,4.458,0,0.00,0.0135,0,0.00,107.773,0.155888,0.14,0.665733,5.7735e-05,0.01,3
b=24 d=16 tt=329,vanilla,meta-llama/Llama-3.1-8B-Instruct,yuhuili/EAGLE3-LLaMA3.1-Instruct-8B,"As Ao Lie moves to pick up his cup of tea, Macaque notices a bandaged wound on h",0,0,0.00,16,0,0.00,329,0,0.00,24,0,0.00,258,0,0.00,52,0,0.00,8571.97,21.379,0.25,30.1,0.1,0.33,4.962,0,0.00,0.0151,0,0.00,110.347,0.405216,0.37,0.669367,0.000832666,0.12,3
b=24 d=16 tt=329,vanilla,meta-llama/Llama-3.1-8B-Instruct,yuhuili/EAGLE3-LLaMA3.1-Instruct-8B,can you write a script for youtube video related to hypnosis,0,0,0.00,16,0,0.00,329,0,0.00,24,0,0.00,265,0,0.00,40,0,0.00,6584.1,23.7577,0.36,40.2667,0.152753,0.38,6.625,0,0.00,0.0201,0,0.00,109.326,0.381783,0.35,0.664167,0.000832666,0.13,3
b=24 d=16 tt=329,ragged,meta-llama/Llama-3.1-8B-Instruct,yuhuili/EAGLE3-LLaMA3.1-Instruct-8B,"Thanks. Based on this, can you go back to the initial hires again? Which roles d",0,0,0.00,16,0,0.00,329,0,0.00,24,0,0.00,156,0,0.00,19,0,0.00,3745.5,4.8816,0.13,41.6667,0.057735,0.14,8.211,0,0.00,0.025,4.24919e-18,0.00,139.058,0.223564,0.16,0.7054,0.000264575,0.04,3
b=24 d=16 tt=329,ragged,meta-llama/Llama-3.1-8B-Instruct,yuhuili/EAGLE3-LLaMA3.1-Instruct-8B,is decentralized finance just a group of people coming together and pooling thei,0,0,0.00,16,0,0.00,329,0,0.00,24,0,0.00,260,0,0.00,34,0,0.00,5331.83,5.86032,0.11,48.7667,0.057735,0.12,7.647,1.08779e-15,0.00,0.0232,0,0.00,100.964,0.149581,0.15,0.643833,0.000251661,0.04,3
b=24 d=16 tt=329,ragged,meta-llama/Llama-3.1-8B-Instruct,yuhuili/EAGLE3-LLaMA3.1-Instruct-8B,How do I visualize the audio waveform and spectrogram of an audio file using Pyt,0,0,0.00,16,0,0.00,329,0,0.00,24,0,0.00,267,0,0.00,56,0,0.00,8940.77,19.6521,0.22,29.8667,0.057735,0.19,4.768,0,0.00,0.0145,0,0.00,105.177,0.302679,0.29,0.658767,0.000472582,0.07,3
b=24 d=16 tt=329,ragged,meta-llama/Llama-3.1-8B-Instruct,yuhuili/EAGLE3-LLaMA3.1-Instruct-8B,I want you act as best book seller and I will ask you questions. You have to giv,0,0,0.00,16,0,0.00,329,0,0.00,24,0,0.00,80,0,0.00,13,0,0.00,2072.87,6.21477,0.30,38.6,0.1,0.26,6.154,0,0.00,0.0187,0,0.00,99.0643,0.428614,0.43,0.6213,0.0008544,0.14,3
b=24 d=16 tt=329,ragged,meta-llama/Llama-3.1-8B-Instruct,yuhuili/EAGLE3-LLaMA3.1-Instruct-8B,Authenticating Guest Users for Firebase using laravel,0,0,0.00,16,0,0.00,329,0,0.00,24,0,0.00,258,0,0.00,55,0,0.00,8530.87,30.3233,0.36,30.2333,0.152753,0.51,4.691,0,0.00,0.0143,0,0.00,100.439,0.361915,0.36,0.647533,0.000585947,0.09,3
b=24 d=16 tt=329,ragged,meta-llama/Llama-3.1-8B-Instruct,yuhuili/EAGLE3-LLaMA3.1-Instruct-8B,What means if my ALB in AWS returns 408 http error?,0,0,0.00,16,0,0.00,329,0,0.00,24,0,0.00,267,0,0.00,37,0,0.00,5749.87,11.0609,0.19,46.4,0.1,0.22,7.216,0,0.00,0.0219,0,0.00,99.7987,0.278306,0.28,0.6422,0.0006245,0.10,3
b=24 d=16 tt=329,ragged,meta-llama/Llama-3.1-8B-Instruct,yuhuili/EAGLE3-LLaMA3.1-Instruct-8B,Please list the man hours to supply the BSA and 3 companies,0,0,0.00,16,0,0.00,329,0,0.00,24,0,0.00,266,0,0.00,37,0,0.00,5965.6,9.992,0.17,44.5667,0.057735,0.13,7.189,0,0.00,0.0219,0,0.00,105.866,0.246622,0.23,0.6566,0.00043589,0.07,3
b=24 d=16 tt=329,ragged,meta-llama/Llama-3.1-8B-Instruct,yuhuili/EAGLE3-LLaMA3.1-Instruct-8B,"How to handle ""enum.IntFlag"" and make it compatible with both python 2 and 3?",0,0,0.00,16,0,0.00,329,0,0.00,24,0,0.00,263,0,0.00,59,0,0.00,9228.17,17.3966,0.19,28.5333,0.057735,0.20,4.458,0,0.00,0.0135,0,0.00,101.945,0.245725,0.24,0.6518,0.000458258,0.07,3
b=24 d=16 tt=329,ragged,meta-llama/Llama-3.1-8B-Instruct,yuhuili/EAGLE3-LLaMA3.1-Instruct-8B,"As Ao Lie moves to pick up his cup of tea, Macaque notices a bandaged wound on h",0,0,0.00,16,0,0.00,329,0,0.00,24,0,0.00,258,0,0.00,52,0,0.00,8256.8,5.91946,0.07,31.2667,0.057735,0.18,4.962,0,0.00,0.0151,0,0.00,103.969,0.113756,0.11,0.6548,0.000264575,0.04,3
b=24 d=16 tt=329,ragged,meta-llama/Llama-3.1-8B-Instruct,yuhuili/EAGLE3-LLaMA3.1-Instruct-8B,can you write a script for youtube video related to hypnosis,0,0,0.00,16,0,0.00,329,0,0.00,24,0,0.00,265,0,0.00,40,0,0.00,6402.13,16.7106,0.26,41.4,0.1,0.24,6.625,0,0.00,0.0201,0,0.00,104.66,0.515931,0.49,0.6539,0.00157162,0.24,3
